{"cameraMode":{"drawMode":0,"name":"Shaded","section":"Shading Mode"},"sceneLighting":false,"audioPlay":false,"sceneViewState":{"showFog":true,"showMaterialUpdate":false,"showSkybox":false,"showFlares":true,"showImageEffects":true,"showParticleSystems":true},"in2DMode":false,"pivot":{"x":0.049999967217445376,"y":-1.9375,"z":9.24560546875},"rotation":{"x":0.15530364215373994,"y":-0.6853183507919312,"z":0.15317672491073609,"w":0.6948363184928894},"size":2.3334522247314455,"orthographic":true}