{"cameraMode":{"drawMode":0,"name":"Shaded","section":"Shading Mode"},"sceneLighting":true,"audioPlay":false,"sceneViewState":{"showFog":true,"showMaterialUpdate":false,"showSkybox":true,"showFlares":true,"showImageEffects":true,"showParticleSystems":true},"in2DMode":false,"pivot":{"x":0.5831069946289063,"y":1.78173828125,"z":5.2421875},"rotation":{"x":-0.2974312901496887,"y":0.10513877868652344,"z":-0.032985739409923556,"w":-0.9484119415283203},"size":4.90339469909668,"orthographic":true}